"","title","artist","year","id","lang"
"1","Physical","Olivia Newton-John",1982,"607314","en"
"2","Waiting For A Girl Like You","Foreigner",1982,"85733","en"
"3","Let's Groove","Earth and Wind and Fire",1982,"436316","en"
"4","I Can't Go For That (No Can Do)","Daryl Hall John Oates",1982,"235680","en"
"5","Young Turks","Rod Stewart",1982,"622976","en"
"6","Harden My Heart","Quarterflash",1982,"730025","en"
"7","Leather And Lace","Stevie Nicks With Don Henley",1982,"410185","en"
"8","Centerfold","The J. Geils Band",1982,"272092","en"
"9","Turn Your Love Around","George Benson",1982,"938555","en"
"10","Trouble","Lindsey Buckingham",1982,"1175148","en"
"11","Yesterday's Songs","Neil Diamond",1982,"227831","en"
"12","Comin' In And Out Of Your Life","Barbra Streisand",1982,"768519","en"
"13","The Sweetest Thing (I've Ever Known)","Juice Newton",1982,"709590","en"
"14","Hooked On Classics","Royal Philharmonic Orchestra",1982,"2195767","en"
"15","Why Do Fools Fall In Love","Diana Ross",1982,"2038313","en"
"16","Cool Night","Paul Davis",1982,"1439985","en"
"17","Take My Heart (You Can Have It If You Want It)","Kool and The Gang",1982,"672256","en"
"18","Don't Stop Believin'","Journey",1982,"54447","en"
"19","Someone Could Lose A Heart Tonight","Eddie Rabbitt",1982,"1340950","en"
"20","Waiting On A Friend","The Rolling Stones",1982,"1864024","en"
"21","Shake It Up","The Cars",1982,"893635","en"
"22","I Wouldn't Have Missed It For The World","Ronnie Milsap",1982,"1187605","en"
"23","Leader Of The Band","Dan Fogelberg",1982,"1900007","en"
"24","Come Go With Me","The Beach Boys",1982,"434804","en"
"25","Steal The Night","Stevie Woods",1982,"1106687","en"
"26","She's Got A Way","Billy Joel",1982,"342530","en"
"27","Our Lips Are Sealed","Go-Go's",1982,"602861","en"
"28","You Could Have Been With Me","Sheena Easton",1982,"1363953","en"
"29","Under Pressure","Queen and David Bowie",1982,"6868363","en"
"30","Take It Easy On Me","Little River Band",1982,"1448770","en"
"31","Oh No","Commodores",1982,"1607712","en"
"32","Sweet Dreams","Air Supply",1982,"1509423","en"
"33","Every Little Thing She Does Is Magic","The Police",1982,"100922","en"
"34","Here I Am (Just When I Thought I Was Over You)","Air Supply",1982,"1548176","en"
"35","Love Is Alright Tonite","Rick Springfield",1982,"1158339","en"
"36","Castles In The Air","Don McLean",1982,"444458","en"
"37","More Than Just The Two Of Us","Sneaker",1982,"888661","en"
"38","My Girl (Gone, Gone, Gone)","Chilliwack",1982,"1140699","en"
"39","Heart Like A Wheel","The Steve Miller Band",1982,"689603","en"
"40","Working For The Weekend","Loverboy",1982,"1999014","en"
"41","Love In The First Degree","Alabama",1982,"613682","en"
"42","Key Largo","Bertie Higgins",1982,"1718870","en"
"43","Private Eyes","Daryl Hall John Oates",1982,"674520","en"
"44","All Our Tomorrows","Eddie Schwartz",1982,"4510939","en"
"45","If I Were You","Lulu",1982,"8431402","en"
"46","My Kinda Lover","Billy Squier",1982,"588812","en"
"47","Start Me Up","The Rolling Stones",1982,"49973","en"
"48","Let Me Love You Once","Greg Lake",1982,"1096321","en"
"49","Somewhere Down The Road","Barry Manilow",1982,"661432","en"
"50","Breakin' Away","Al Jarreau",1982,"1767232","en"
"51","Sea Of Love","Del Shannon",1982,"1179560","en"
"52","Little Darlin'","Sheila",1982,"4033274","en"
"53","The Old Songs","Barry Manilow",1982,"1273988","en"
"54","Could It Be Love","Jennifer Warnes",1982,"2307928","en"
"55","Feel Like A Number","Bob Seger and The Silver Bullet Band",1982,"480443","en"
"56","Arthur's Theme (Best That You Can Do)","Christopher Cross",1982,"487566","en"
"57","Abacab","Genesis",1982,"735595","en"
"58","Keeping Our Love Alive","Henry Paul Band",1982,"748742","en"
"59","Falling In Love","Balance",1982,"1452502","en"
"60","Poor Man's Son","Survivor",1982,"1166652","en"
"61","No Reply At All","Genesis",1982,"735596","en"
"62","Never Too Much","Luther Vandross",1982,"118544","en"
"63","Wrack My Brain","Ringo Starr",1982,"448585","en"
"64","Those Good Old Dreams","Carpenters",1982,"1034669","en"
"65","Wkrp In Cincinnati","Steve Carlisle",1982,"2834222","en"
"66","Tryin' To Live My Life Without You","Bob Seger",1982,"830149","en"
"67","Love Is Like A Rock","Donnie Iris",1982,"1436448","en"
"68","Through The Years","Kenny Rogers",1982,"1100663","en"
"69","Closer To The Heart","Rush",1982,"142060","en"
"70","One Hundred Ways","Quincy Jones ",1982,"800535","en"
"71","Every Home Should Have One","Patti Austin",1982,"1189064","en"
"72","Southern Pacific","Neil Young / Crazy Horse",1982,"402004","en"
"73","Crazy (Keep On Falling)","The John Hall Band",1982,"6977078","en"
"74","A World Without Heroes","KISS",1982,"326676","en"
"75","Tonight Tonight","Bill Champlin",1982,"1506886","en"
"76","Pac-Man Fever","Buckner and Garcia",1982,"773360","en"
"77","The Theme From Hill Street Blues","Mike Post featuring Larry Carlton",1982,"581048","en"
"78","Living Eyes","Bee Gees",1982,"1714290","en"
"79","Anyone Can See","Irene Cara",1982,"1186306","en"
"80","Mirror, Mirror","Diana Ross",1982,"2038325","en"
"81","Let The Feeling Flow","Peabo Bryson",1982,"1601022","en"
"82","Just Once","Quincy Jones ",1982,"1387517","en"
"83","You're My Latest, My Greatest Inspiration","Teddy Pendergrass",1982,"1408971","en"
"84","Runaway Rita","Leif Garrett",1982,"1337462","en"
"85","Chariots Of Fire - Titles","Vangelis",1982,"458348","en"
"86","I've Done Everything For You","Rick Springfield",1982,"1433524","en"
"87","When All Is Said And Done","ABBA",1982,"396356","en"
"88","It's My Party","Dave Stewart and Barbara Gaskin",1982,"1177384","en"
"89","Can't Hold Back (Your Loving)","Kano",1982,"210432","en"
"90","The Night Owls","Little River Band",1982,"1049510","en"
"91","The Woman In Me","Crystal Gayle",1982,"1162995","en"
"92","Better Things","The Kinks",1982,"1535513","en"
"93","When She Was My Girl","Four Tops",1982,"892898","en"
"94","Sausalito Summernight","Diesel",1982,"1420151","en"
"95","We're In This Love Together","Al Jarreau",1982,"785988","en"
"96","She's A Bad Mama Jama (She's Built, She's Stacked)","Carl Carlton",1982,"987948","en"
"97","Blaze Of Glory","Kenny Rogers",1982,"1474635","en"
"98","For Your Eyes Only","Sheena Easton",1982,"1172378","en"
"99","Super Freak (Part I)","Rick James",1982,"491080","en"
"100","Endless Love","Diana Ross and Lionel Richie",1982,"6051445","en"
"101","I Love Rock 'N Roll","Joan Jett and The Blackhearts",1982,"3938851","en"
"102","We Got The Beat","Go-Go's",1982,"602852","en"
"103","Chariots Of Fire - Titles","Vangelis",1982,"458348","en"
"104","Freeze-frame","The J. Geils Band",1982,"837286","en"
"105","Make A Move On Me","Olivia Newton-John",1982,"1684718","en"
"106","Don't Talk To Strangers","Rick Springfield",1982,"1062298","en"
"107","Open Arms","Journey",1982,"340746","en"
"108","That Girl","Stevie Wonder",1982,"393315","en"
"109","Key Largo","Bertie Higgins",1982,"1718870","en"
"110","Do You Believe In Love","Huey Lewis and The News",1982,"2279460","en"
"111","Pac-Man Fever","Buckner and Garcia",1982,"773360","en"
"112","Edge Of Seventeen (Just Like The White Winged Dove)","Stevie Nicks",1982,"78706","en"
"113","Should I Do It","The Pointer Sisters",1982,"1175467","en"
"114","(Oh) Pretty Woman","Van Halen",1982,"794775","en"
"115","One Hundred Ways","Quincy Jones ",1982,"800535","en"
"116","'65 Love Affair","Paul Davis",1982,"1570222","en"
"117","Sweet Dreams","Air Supply",1982,"1509423","en"
"118","Find Another Fool","Quarterflash",1982,"1372388","en"
"119","Take Off","Bob and Doug McKenzie",1982,"809378","en"
"120","Nobody Said It Was Easy (Lookin' For The Lights)","LeRoux",1982,"1378469","en"
"121","867-5309/jenny","Tommy Tutone",1982,"487416","en"
"122","Goin' Down","Greg Guidry",1982,"1438964","en"
"123","My Guy","Sister Sledge",1982,"2009654","en"
"124","Did It In A Minute","Daryl Hall John Oates",1982,"1850596","en"
"125","Get Down On It","Kool and The Gang",1982,"1442583","en"
"126","Juke Box Hero","Foreigner",1982,"90561","en"
"127","Baby Makes Her Blue Jeans Talk","Dr. Hook",1982,"1212608","en"
"128","I've Never Been To Me","Charlene",1982,"866099","en"
"129","Ebony And Ivory","Paul McCartney And Stevie Wonder",1982,"387647","en"
"130","Always On My Mind","Willie Nelson",1982,"429135","en"
"131","Centerfold","The J. Geils Band",1982,"272092","en"
"132","Bobbie Sue","The Oak Ridge Boys",1982,"861170","en"
"133","Mama Used To Say","Junior",1982,"2144225","en"
"134","The Beatles' Movie Medley","The Beatles",1982,"1082581","en"
"135","Pop Goes The Movies Part I","Meco",1982,"1275155","en"
"136","Theme From Magnum P.i.","Mike Post",1982,"55282","en"
"137","Genius Of Love","Tom Tom Club",1982,"3260","en"
"138","Hang Fire","The Rolling Stones",1982,"105933","en"
"139","Don't You Want Me","The Human League",1982,"501821","en"
"140","The Other Woman","Ray Parker Jr.",1982,"1214046","en"
"141","Shine On","George Duke",1982,"701488","en"
"142","Empty Garden (Hey Hey Johnny)","Elton John",1982,"390458","en"
"143","I'll Try Something New","A Taste Of Honey",1982,"1211728","en"
"144","Making Love","Roberta Flack",1982,"1707492","en"
"145","Stars on 45 III","Stars On",1982,"6911615","en"
"146","Still In Saigon","The Charlie Daniels Band",1982,"691209","en"
"147","Let's Hang On","Barry Manilow",1982,"1084634","en"
"148","Shanghai Breezes","John Denver",1982,"1463721","en"
"149","If I Had My Wish Tonight","David Lasley",1982,"1272812","en"
"150","Tainted Love","Soft Cell",1982,"384645","en"
"151","On A Carousel","Glass Moon",1982,"387797","en"
"152","Never Give Up On A Good Thing","George Benson",1982,"1314145","en"
"153","Apache","Sugarhill Gang",1982,"6204","en"
"154","Since You're Gone","The Cars",1982,"1325151","en"
"155","Man On The Corner","Genesis",1982,"735607","en"
"156","Run For The Roses","Dan Fogelberg",1982,"1470002","en"
"157","Man On Your Mind","Little River Band",1982,"1016038","en"
"158","It's Gonna Take A Miracle","Deniece Williams",1982,"892707","en"
"159","Wake Up Little Susie","Simon and Garfunkel",1982,"807824","en"
"160","On The Way To The Sky","Neil Diamond",1982,"227832","en"
"161","Fantasy","Aldo Nova",1982,"780391","en"
"162","Don't Stop Me Baby (I'm On Fire)","The Boys Band",1982,"1656378","en"
"163","Circles","Atlantic Starr",1982,"1906683","en"
"164","When He Shines","Sheena Easton",1982,"1256831","en"
"165","One To One","Carole King",1982,"1689054","en"
"166","The Gigolo","O'Bryan",1982,"4584028","en"
"167","I'm In Love Again","Pia Zadora",1982,"2925790","en"
"168","Shake It Up","The Cars",1982,"893635","en"
"169","My Girl","Donnie Iris",1982,"1621344","en"
"170","Hollywood","Shooting Star",1982,"1645846","en"
"171","Baby Step Back","Gordon Lightfoot",1982,"965730","en"
"172","I'll Drink To You","Duke Jupiter",1982,"297338","en"
"173","Work That Body","Diana Ross",1982,"2038362","en"
"174","You Got The Power","War",1982,"1451014","en"
"175","Make Up Your Mind","Aurra",1982,"2308937","en"
"176","Just To Satisfy You","Waylon and Willie",1982,"1809401","en"
"177","If It Ain't One Thing...It's Another","Richard ""Dimples"" Fields",1982,"6753772","en"
"178","All Night With Me","Laura Branigan",1982,"1013437","en"
"179","When It's Over","Loverboy",1982,"1344118","en"
"180","Finally","T.G. Sheppard",1982,"1240260","en"
"181","Without You (Not Another Lonely Night)","Franke and The Knockouts",1982,"2969597","en"
"182","A Night To Remember","Shalamar",1982,"1986040","en"
"183","Teach Me Tonight","Al Jarreau",1982,"793592","en"
"184","If I Could Get You (into my Life)","Gene Cotton",1982,"136643","en"
"185","Right The First Time","Gamma",1982,"3001793","en"
"186","Sleepwalk","Larry Carlton",1982,"7601431","en"
"187","Secret Journey","The Police",1982,"365362","en"
"188","Loving You","Chris Rea",1982,"1439770","en"
"189","I Don't Know Where To Start","Eddie Rabbitt",1982,"987134","en"
"190","Murphy's Law","Cheri",1982,"1634483","en"
"191","Over The Line","Eddie Schwartz",1982,"4510882","en"
"192","Tonight I'm Yours (Don't Hurt Me)","Rod Stewart",1982,"1021467","en"
"193","Mirror, Mirror","Diana Ross",1982,"2038325","en"
"194","Spirits In The Material World","The Police",1982,"129805","en"
"195","Leader Of The Band","Dan Fogelberg",1982,"1900007","en"
"196","Take It Easy On Me","Little River Band",1982,"1448770","en"
"197","Just Can't Win 'em All","Stevie Woods",1982,"2308698","en"
"198","Summer Nights","Survivor",1982,"1379174","en"
"199","When All Is Said And Done","ABBA",1982,"396356","en"
"200","Daddy's Home","Cliff Richard",1982,"1273252","en"
"201","Don't You Want Me","The Human League",1982,"501821","en"
"202","Rosanna","Toto",1982,"485878","en"
"203","Hurts So Good","John Cougar",1982,"381807","en"
"204","Heat Of The Moment","Asia",1982,"450490","en"
"205","Eye Of The Tiger","Survivor",1982,"202978","en"
"206","Let It Whip","Dazz Band",1982,"952522","en"
"207","Love's Been A Little Bit Hard On Me","Juice Newton",1982,"1116544","en"
"208","Ebony And Ivory","Paul McCartney And Stevie Wonder",1982,"387647","en"
"209","Tainted Love","Soft Cell",1982,"384645","en"
"210","Caught Up In You","38 Special",1982,"751458","en"
"211","Only The Lonely","The Motels",1982,"1106857","en"
"212","Hold Me","Fleetwood Mac",1982,"400035","en"
"213","Do I Do","Stevie Wonder",1982,"382562","en"
"214","Any Day Now","Ronnie Milsap",1982,"1194376","en"
"215","Abracadabra","The Steve Miller Band",1982,"149385","en"
"216","Keep The Fire Burnin'","REO Speedwagon",1982,"1754143","en"
"217","Play The Game Tonight","Kansas",1982,"1288139","en"
"218","Take Me Down","Alabama",1982,"614506","en"
"219","Always On My Mind","Willie Nelson",1982,"429135","en"
"220","Still They Ride","Journey",1982,"340738","en"
"221","What Kind Of Fool Am I","Rick Springfield",1982,"1599716","en"
"222","Personally","Karla Bonoff",1982,"996265","en"
"223","Forget Me Nots","Patrice Rushen",1982,"159257","en"
"224","Even The Nights Are Better","Air Supply",1982,"1103971","en"
"225","Wasted On The Way","Crosby and Stills and Nash",1982,"826919","en"
"226","Hard To Say I'm Sorry","Chicago",1982,"1094995","en"
"227","Going To A Go-Go","The Rolling Stones",1982,"974640","en"
"228","Early In The Morning","The Gap Band",1982,"1257311","en"
"229","Crimson And Clover","Joan Jett and The Blackhearts",1982,"7836237","en"
"230","The Other Woman","Ray Parker Jr.",1982,"1214046","en"
"231","Break It Up","Foreigner",1982,"343555","en"
"232","You Should Hear How She Talks About You","Melissa Manchester",1982,"527484","en"
"233","This Man Is Mine","Heart",1982,"1287539","en"
"234","Be Mine Tonight","Neil Diamond",1982,"227836","en"
"235","If The Love Fits Wear It","Leslie Pearl",1982,"2308731","en"
"236","Island Of Lost Souls","Blondie",1982,"192946","en"
"237","Dancing In The Street","Van Halen",1982,"152958","en"
"238","Out Of Work","Gary U.S. Bonds",1982,"871378","en"
"239","Angel In Blue","The J. Geils Band",1982,"836712","en"
"240","Kids In America","Kim Wilde",1982,"908359","en"
"241","Nice Girls","Eye To Eye",1982,"1320762","en"
"242","Love Plus One","Haircut One Hundred",1982,"1515288","en"
"243","I Found Somebody","Glenn Frey",1982,"963210","en"
"244","Paperlate","Genesis",1982,"1323315","en"
"245","Your Imagination","Daryl Hall John Oates",1982,"818321","en"
"246","American Music","The Pointer Sisters",1982,"1489188","en"
"247","Love Will Turn You Around","Kenny Rogers",1982,"1699029","en"
"248","If You Want My Love","Cheap Trick",1982,"222494","en"
"249","Route 101","Herb Alpert",1982,"2066569","en"
"250","Love Is In Control (Finger On The Trigger)","Donna Summer",1982,"735914","en"
"251","Landslide","Olivia Newton-John",1982,"744502","en"
"252","Think I'm In Love","Eddie Money",1982,"1427479","en"
"253","Vacation","Go-Go's",1982,"1674400","en"
"254","Take It Away","Paul McCartney",1982,"387602","en"
"255","Body Language","Queen",1982,"309833","en"
"256","After The Glitter Fades","Stevie Nicks",1982,"1606834","en"
"257","Street Corner","Ashford and Simpson",1982,"1753805","en"
"258","(Sittin' On) The Dock Of The Bay","The Reddings",1982,"4224400","en"
"259","Hope You Love Me Like You Say You Do","Huey Lewis and The News",1982,"1740749","en"
"260","Cutie Pie","One Way",1982,"210434","en"
"261","Making Love","Roberta Flack",1982,"1707492","en"
"262","I'll Find My Way Home","Jon and Vangelis",1982,"835870","en"
"263","To Dream The Dream","Frankie Miller",1982,"1868856","en"
"264","Hot In The City","Billy Idol",1982,"1636100","en"
"265","It's Gonna Take A Miracle","Deniece Williams",1982,"892707","en"
"266","Right Kind Of Love","Quarterflash",1982,"1491623","en"
"267","What Do All The People Know","The Monroes",1982,"988210","en"
"268","I Really Don't Need No Light","Jeffrey Osborne",1982,"718815","en"
"269","Happy Hour","Deodato",1982,"73346","en"
"270","And I Am Telling You I'm Not Going","Jennifer Holliday",1982,"1524151","en"
"271","Eye In The Sky","The Alan Parsons Project",1982,"350510","en"
"272","No One Like You","Scorpions",1982,"575033","en"
"273","Loveline","Dr. Hook",1982,"948975","en"
"274","Hooked On Big Bands","The Frank Barber Orch.",1982,"504292","en"
"275","I Want Candy","Bow Wow Wow",1982,"822506","en"
"276","Too Good To Turn Back Now","Rick Bowles",1982,"2644622","en"
"277","Dance Wit' Me - Part 1","Rick James",1982,"1825318","en"
"278","Words","Missing Persons",1982,"1551621","en"
"279","Enough Is Enough","April Wine",1982,"1221383","en"
"280","Someday, Someway","Marshall Crenshaw",1982,"1639112","en"
"281","Blue Eyes","Elton John",1982,"390457","en"
"282","Who Can It Be Now?","Men At Work",1982,"656955","en"
"283","Gloria","Laura Branigan",1982,"748588","en"
"284","Don't Talk To Strangers","Rick Springfield",1982,"1062298","en"
"285","I Ran (So Far Away)","A Flock Of Seagulls",1982,"108169","en"
"286","867-5309/jenny","Tommy Tutone",1982,"487416","en"
"287","I've Never Been To Me","Charlene",1982,"866099","en"
"288","Man On Your Mind","Little River Band",1982,"1016038","en"
"289","Mega Force","707",1982,"2169037","en"
"290","Without You (Not Another Lonely Night)","Franke and The Knockouts",1982,"2969597","en"
"291","Stone Cold","Rainbow",1982,"1684471","en"
"292","Empty Garden (Hey Hey Johnny)","Elton John",1982,"390458","en"
"293","Soup For One","Chic",1982,"1545526","en"
"294","When It's Over","Loverboy",1982,"1344118","en"
"295","Friends In Love","Dionne Warwick and Johnny Mathis",1982,"1280440","en"
"296","When He Shines","Sheena Easton",1982,"1256831","en"
"297","Fantasy","Aldo Nova",1982,"780391","en"
"298","Outlaw","War",1982,"1072446","en"
"299","'65 Love Affair","Paul Davis",1982,"1570222","en"
"300","Jack & Diane","John Cougar",1982,"193981","en"
"301","Abracadabra","The Steve Miller Band",1982,"149385","en"
"302","Hard To Say I'm Sorry","Chicago",1982,"1094995","en"
"303","Eye In The Sky","The Alan Parsons Project",1982,"350510","en"
"304","Who Can It Be Now?","Men At Work",1982,"656955","en"
"305","Eye Of The Tiger","Survivor",1982,"202978","en"
"306","I Keep Forgettin' (Every Time You're Near)","Michael McDonald",1982,"117239","en"
"307","Somebody's Baby","Jackson Browne",1982,"870178","en"
"308","You Can Do Magic","America",1982,"798872","en"
"309","I Ran (So Far Away)","A Flock Of Seagulls",1982,"108169","en"
"310","Heart Attack","Olivia Newton-John",1982,"1452607","en"
"311","Blue Eyes","Elton John",1982,"390457","en"
"312","Break It To Me Gently","Juice Newton",1982,"1668256","en"
"313","You Should Hear How She Talks About You","Melissa Manchester",1982,"527484","en"
"314","Hurts So Good","John Cougar",1982,"381807","en"
"315","Hold On","Santana",1982,"880951","en"
"316","Up Where We Belong","Joe Cocker And Jennifer Warnes",1982,"1498650","en"
"317","Gloria","Laura Branigan",1982,"748588","en"
"318","What's Forever For","Michael Murphey",1982,"709598","en"
"319","Do You Wanna Touch Me (Oh Yeah)","Joan Jett and The Blackhearts",1982,"704675","en"
"320","Gypsy","Fleetwood Mac",1982,"185180","en"
"321","Big Fun","Kool and The Gang",1982,"910719","en"
"322","Don't Fight It","Kenny Loggins with Steve Perry",1982,"1257255","en"
"323","Jump To It","Aretha Franklin",1982,"436967","en"
"324","Think I'm In Love","Eddie Money",1982,"1427479","en"
"325","The One You Love","Glenn Frey",1982,"989441","en"
"326","Heartlight","Neil Diamond",1982,"227842","en"
"327","You Don't Want Me Anymore","Steel Breeze",1982,"1899912","en"
"328","Voyeur","Kim Carnes",1982,"1137171","en"
"329","Make Believe","Toto",1982,"2458616","en"
"330","You Dropped A Bomb On Me","The Gap Band",1982,"1647819","en"
"331","Love Come Down","Evelyn King",1982,"381066","en"
"332","New World Man","Rush",1982,"232052","en"
"333","Nobody","Sylvia",1982,"2824661","en"
"334","Sweet Time","REO Speedwagon",1982,"1193370","en"
"335","Southern Cross","Crosby and Stills and Nash",1982,"2176837","en"
"336","Athena","The Who",1982,"339648","en"
"337","You Keep Runnin' Away","38 Special",1982,"751643","en"
"338","Mickey","Toni Basil",1982,"374662","en"
"339","I Get Excited","Rick Springfield",1982,"1575288","en"
"340","Steppin' Out","Joe Jackson",1982,"1790903","en"
"341","Johnny Can't Read","Don Henley",1982,"1430764","en"
"342","Young Love","Air Supply",1982,"1371952","en"
"343","Pressure","Billy Joel",1982,"342534","en"
"344","Rock This Town","Stray Cats",1982,"1645465","en"
"345","I Need You","Paul Carrack",1982,"1737954","en"
"346","The Look Of Love (Part One)","ABC",1982,"2270822","en"
"347","American Heartbeat","Survivor",1982,"1507134","en"
"348","Let Me Tickle Your Fancy","Jermaine Jackson",1982,"1756228","en"
"349","Love Me Tomorrow","Chicago",1982,"670937","en"
"350","I'm So Excited","The Pointer Sisters",1982,"200111","en"
"351","Take The L.","The Motels",1982,"1718145","en"
"352","A Penny For Your Thoughts","Tavares",1982,"966573","en"
"353","Muscles","Diana Ross",1982,"886185","en"
"354","What About Me","Moving Pictures",1982,"1394676","en"
"355","I.g.y. (what A Beautiful World)","Donald Fagen",1982,"358989","en"
"356","Only Time Will Tell","Asia",1982,"1374953","en"
"357","Ribbon In The Sky","Stevie Wonder",1982,"155197","en"
"358","State Of Independence","Donna Summer",1982,"735944","en"
"359","Truly","Lionel Richie",1982,"461076","en"
"360","On The Wings Of Love","Jeffrey Osborne",1982,"718813","en"
"361","Get Closer","Linda Ronstadt",1982,"1767976","en"
"362","Get Up And Go","Go-Go's",1982,"6963618","en"
"363","Tug Of War","Paul McCartney",1982,"387597","en"
"364","Hot In The City","Billy Idol",1982,"1636100","en"
"365","Never Been In Love","Randy Meisner",1982,"1383907","en"
"366","Holdin' On","Tane Cain",1982,"3025951","en"
"367","Heartbreaker","Dionne Warwick",1982,"2277776","en"
"368","Right Here And Now","Bill Medley",1982,"5461894","en"
"369","So Much In Love","Timothy B. Schmit",1982,"936347","en"
"370","Please Be The One","Karla Bonoff",1982,"1666417","en"
"371","Missing You","Dan Fogelberg",1982,"1020973","en"
"372","Be My Lady","Jefferson Starship",1982,"1021276","en"
"373","The Only Way Out","Cliff Richard",1982,"1560276","en"
"374","Rock The Casbah","The Clash",1982,"76157","en"
"375","Situation","Yaz",1982,"2297803","en"
"376","All Of My Love","Bobby Caldwell",1982,"1488770","en"
"377","Everybody Wants You","Billy Squier",1982,"1634523","en"
"378","Destination Unknown","Missing Persons",1982,"1312865","en"
"379","Electricland","Bad Company",1982,"1129470","en"
"380","She's Tight","Cheap Trick",1982,"222504","en"
"381","Let It Be Me","Willie Nelson",1982,"429140","en"
"382","Shakin'","Eddie Money",1982,"922883","en"
"383","Machinery","Sheena Easton",1982,"1080168","en"
"384","Love Is In Control (Finger On The Trigger)","Donna Summer",1982,"735914","en"
"385","Burning Down One Side","Robert Plant",1982,"1636220","en"
"386","Close Enough To Perfect","Alabama",1982,"614097","en"
"387","Take It Away","Paul McCartney",1982,"387602","en"
"388","Love Will Turn You Around","Kenny Rogers",1982,"1699029","en"
"389","You And I","Eddie Rabbitt With Crystal Gayle",1982,"709766","en"
"390","Hold Me","Fleetwood Mac",1982,"400035","en"
"391","777-9311","The Time",1982,"1365385","en"
"392","Oh Julie","Barry Manilow",1982,"1145212","en"
"393","Workin' For A Livin'","Huey Lewis and The News",1982,"1727990","en"
"394","Even The Nights Are Better","Air Supply",1982,"1103971","en"
"395","Should I Stay Or Should I Go","The Clash",1982,"76153","en"
"396","Tainted Love","Soft Cell",1982,"384645","en"
"397","I'm Never Gonna Say Goodbye","Billy Preston",1982,"850977","en"
"398","I Will Always Love You","Dolly Parton",1982,"207980","en"
"399","Still In The Game","Steve Winwood",1982,"1109179","en"
"400","How You Remind Me","Nickelback",2002,"196442","en"
"401","U Got It Bad","Usher",2002,"2196","en"
"402","Family Affair","Mary J. Blige",2002,"468201","en"
"403","Get The Party Started","P!nk",2002,"195076","en"
"404","Hero","Enrique Iglesias",2002,"110014","en"
"405","Always On Time","Ja Rule ",2002,"23929","en"
"406","My Sacrifice","Creed",2002,"397439","en"
"407","Whenever, Wherever","Shakira",2002,"128054","en"
"408","A Woman's Worth","Alicia Keys",2002,"601412","en"
"409","Differences","Ginuwine",2002,"307105","en"
"410","Wherever You Will Go","The Calling",2002,"310472","en"
"411","Livin' It Up","Ja Rule ",2002,"23932","en"
"412","Gone","'N Sync",2002,"436280","en"
"413","Superman (It's Not Easy)","Five For Fighting",2002,"472515","en"
"414","In The End","Linkin Park",2002,"49719","en"
"415","Turn Off The Light","Nelly Furtado",2002,"912255","en"
"416","Butterflies","Michael Jackson",2002,"137433","en"
"417","Rock The Boat","Aaliyah",2002,"52261","en"
"418","Fallin'","Alicia Keys",2002,"344010","en"
"419","Hey Baby","No Doubt ",2002,"141936","en"
"420","We Thuggin'","Fat Joe ",2002,"19720","en"
"421","Caramel","City High ",2002,"5565970","en"
"422","Only Time","Enya",2002,"77504","en"
"423","I Do!!","Toya",2002,"724623","en"
"424","#1","Nelly",2002,"35295","en"
"425","I'm Real","Jennifer Lopez ",2002,"32439","en"
"426","Where The Stars And Stripes And The Eagle Fly","Aaron Tippin",2002,"753500","en"
"427","It's Been Awhile","Staind",2002,"204430","en"
"428","Drops Of Jupiter (Tell Me)","Train",2002,"2831404","en"
"429","7 Days","Craig David",2002,"110040","en"
"430","Where Were You (When The World Stopped Turning)","Alan Jackson",2002,"426587","en"
"431","Roll Out (My Business)","Ludacris",2002,"2291","en"
"432","Standing Still","Jewel",2002,"1634750","en"
"433","Lights, Camera, Action!","Mr. Cheeks",2002,"33993","en"
"434","Hanging By A Moment","Lifehouse",2002,"425445","en"
"435","Emotion","Destiny's Child",2002,"67061","en"
"436","Break Ya Neck","Busta Rhymes",2002,"3748","en"
"437","Good Morning Beautiful","Steve Holy",2002,"894060","en"
"438","Bouncin' Back (Bumpin' Me Against The Wall)","Mystikal",2002,"247","en"
"439","I Wanna Talk About Me","Toby Keith",2002,"194416","en"
"440","Son Of A Gun","Janet ",2002,"32814","en"
"441","Run","George Strait",2002,"191988","en"
"442","Dig In","Lenny Kravitz",2002,"170517","en"
"443","No More Drama","Mary J. Blige",2002,"56436","en"
"444","The Whole World","OutKast ",2002,"1041","en"
"445","Alive","P.O.D.",2002,"1330622","en"
"446","The World's Greatest","R. Kelly",2002,"120480","en"
"447","Can't Fight The Moonlight","LeAnn Rimes",2002,"590722","en"
"448","Wrapped Up In You","Garth Brooks",2002,"344655","en"
"449","I'm Tryin'","Trace Adkins",2002,"220844","en"
"450","Wrapped Around","Brad Paisley",2002,"198270","en"
"451","Brotha","Angie Stone",2002,"525072","en"
"452","Ain't It Funny","Jennifer Lopez ",2002,"305544","en"
"453","Blurry","Puddle Of Mudd",2002,"151040","en"
"454","Young'n (Holla Back)","Fabolous",2002,"1457724","en"
"455","Take Away","Missy ""Misdemeanor"" Elliott ",2002,"33228","en"
"456","Riding With Private Malone","David Ball",2002,"2146316","en"
"457","Welcome To Atlanta","Jermaine Dupri and Ludacris",2002,"23773","en"
"458","Bring On The Rain","Jo Dee Messina With Tim McGraw",2002,"6202956","en"
"459","Lifetime","Maxwell",2002,"621674","en"
"460","You Gets No Love","Faith Evans",2002,"32944","en"
"461","The Long Goodbye","Brooks and Dunn",2002,"648799","en"
"462","Everywhere","Michelle Branch",2002,"857056","en"
"463","Wish You Were Here","Incubus",2002,"337789","en"
"464","The Cowboy In Me","Tim McGraw",2002,"190589","en"
"465","Don't You Forget It","Glenn Lewis",2002,"1009922","en"
"466","Love Of A Woman","Travis Tritt",2002,"2278037","en"
"467","Let's Stay Home Tonight","Joe",2002,"2154808","en"
"468","Goodbye","Jagged Edge",2002,"1373840","en"
"469","Dance With Me","112",2002,"1001169","en"
"470","Blessed","Martina McBride",2002,"450174","en"
"471","Stuck In A Moment You Can't Get Out Of","U2",2002,"134025","en"
"472","Nothing In This World","KeKe Wyatt ",2002,"1428674","en"
"473","Uh Huh","B2K",2002,"1699396","en"
"474","Girls, Girls, Girls","JAY-Z",2002,"372","en"
"475","Wasting My Time","Default",2002,"1270884","en"
"476","Just Let Me Be In Love","Tracy Byrd",2002,"761350","en"
"477","Part II","Method Man and Redman",2002,"31311","en"
"478","Fade","Staind",2002,"389515","en"
"479","From Her Mama (Mama Got A**)","Juvenile",2002,"8113301","en"
"480","Round And Round","Jonell and Method Man",2002,"32744","en"
"481","With Me","Lonestar",2002,"1433782","en"
"482","Defy You","The Offspring",2002,"211605","en"
"483","Chop Suey","System Of A Down",2002,"88430","en"
"484","Control","Puddle Of Mudd",2002,"1398731","en"
"485","Drowning","Backstreet Boys",2002,"328996","en"
"486","Love Of My Life","Brian McKnight",2002,"765704","en"
"487","I'm A Slave 4 U","Britney Spears",2002,"2209","en"
"488","Ugly","Bubba Sparxxx",2002,"11929","en"
"489","Got Ur Self A...","Nas",2002,"2422119","en"
"490","You Rock My World","Michael Jackson",2002,"137432","en"
"491","Fatty Girl","Ludacris and LL Cool J and Keith Murray",2002,"29554","en"
"492","I'm A Survivor","Reba",2002,"337321","en"
"493","God Bless The USA","Lee Greenwood",2002,"100049","en"
"494","What Am I Gonna Do","Tyrese",2002,"1609678","en"
"495","Thank You","Lil Bow Wow ",2002,"27823","en"
"496","The Star Spangled Banner","Whitney Houston",2002,"330207","en"
"497","Do U Wanna Roll (Dolittle Theme)","R.L. and Snoop Dogg and Lil' Kim",2002,"32231","en"
"498","Ooohhhwee","Master P ",2002,"30620","en"
"499","Never Too Far/Hero Medley","Mariah Carey",2002,"1421135","en"
"500","Ain't It Funny","Jennifer Lopez ",2002,"305544","en"
"501","What's Luv?","Fat Joe ",2002,"19715","en"
"502","Foolish","Ashanti",2002,"58072","en"
"503","In The End","Linkin Park",2002,"49719","en"
"504","Girlfriend","'N Sync ",2002,"233384","en"
"505","U Don't Have To Call","Usher",2002,"282659","en"
"506","Blurry","Puddle Of Mudd",2002,"151040","en"
"507","Oops (Oh My)","Tweet",2002,"1030793","en"
"508","How You Remind Me","Nickelback",2002,"196442","en"
"509","Wherever You Will Go","The Calling",2002,"310472","en"
"510","Can't Get You Out Of My Head","Kylie Minogue",2002,"121287","en"
"511","Always On Time","Ja Rule ",2002,"23929","en"
"512","A Thousand Miles","Vanessa Carlton",2002,"104581","en"
"513","I Love You","Faith Evans",2002,"778859","en"
"514","Don't Let Me Get Me","P!nk",2002,"195071","en"
"515","Escape","Enrique Iglesias",2002,"205633","en"
"516","I Need A Girl (Part One)","P. Diddy ",2002,"3299443","en"
"517","All You Wanted","Michelle Branch",2002,"369728","en"
"518","Can't Fight The Moonlight","LeAnn Rimes",2002,"590722","en"
"519","What About Us?","Brandy",2002,"481196","en"
"520","Pass The Courvoisier Part II","Busta Rhymes ",2002,"9048","en"
"521","Here Is Gone","Goo Goo Dolls",2002,"431017","en"
"522","The Whole World","OutKast ",2002,"1041","en"
"523","My Sacrifice","Creed",2002,"397439","en"
"524","Underneath Your Clothes","Shakira",2002,"196923","en"
"525","Wasting My Time","Default",2002,"1270884","en"
"526","More Than A Woman","Aaliyah",2002,"75886","en"
"527","Youth Of The Nation","P.O.D.",2002,"217947","en"
"528","U Got It Bad","Usher",2002,"2196","en"
"529","Saturday (Oooh! Ooooh!)","Ludacris ",2002,"29580","en"
"530","Lights, Camera, Action!","Mr. Cheeks",2002,"33993","en"
"531","Anything","Jaheim ",2002,"885672","en"
"532","A New Day Has Come","Celine Dion",2002,"315266","en"
"533","My List","Toby Keith",2002,"194434","en"
"534","I Breathe In, I Breathe Out","Chris Cagle",2002,"882685","en"
"535","Hands Clean","Alanis Morissette",2002,"398428","en"
"536","Family Affair","Mary J. Blige",2002,"468201","en"
"537","Rainy Dayz","Mary J. Blige ",2002,"32725","en"
"538","Blessed","Martina McBride",2002,"450174","en"
"539","Young","Kenny Chesney",2002,"195530","en"
"540","Superman (It's Not Easy)","Five For Fighting",2002,"472515","en"
"541","7 Days","Craig David",2002,"110040","en"
"542","The Middle","Jimmy Eat World",2002,"83226","en"
"543","Hey Baby","No Doubt ",2002,"141936","en"
"544","Hero","Enrique Iglesias",2002,"110014","en"
"545","I'm Movin' On","Rascal Flatts",2002,"222356","en"
"546","That's When I Love You","Phil Vassar",2002,"1137453","en"
"547","The Cowboy In Me","Tim McGraw",2002,"190589","en"
"548","Makin' Good Love","Avant",2002,"831210","en"
"549","Drive (For Daddy Gene)","Alan Jackson",2002,"426562","en"
"550","Nothing In This World","KeKe Wyatt ",2002,"1428674","en"
"551","Uh Huh","B2K",2002,"1699396","en"
"552","Don't You Forget It","Glenn Lewis",2002,"1009922","en"
"553","What If She's An Angel","Tommy Shane Steiner",2002,"635059","en"
"554","Roc The Mic","Beanie Sigel and Freeway",2002,"35294","en"
"555","Welcome To Atlanta","Jermaine Dupri and Ludacris",2002,"23773","en"
"556","Young'n (Holla Back)","Fabolous",2002,"1457724","en"
"557","Bring On The Rain","Jo Dee Messina With Tim McGraw",2002,"6202956","en"
"558","This Woman's Work","Maxwell",2002,"138477","en"
"559","Good Morning Beautiful","Steve Holy",2002,"894060","en"
"560","No More Drama","Mary J. Blige",2002,"56436","en"
"561","Too Bad","Nickelback",2002,"196445","en"
"562","halfcrazy","Musiq",2002,"498860","en"
"563","How Come You Don't Call Me","Alicia Keys",2002,"692444","en"
"564","The Long Goodbye","Brooks and Dunn",2002,"648799","en"
"565","For You","Staind",2002,"1051126","en"
"566","Modern Day Bonnie And Clyde","Travis Tritt",2002,"1162220","en"
"567","I Should Be Sleeping","Emerson Drive",2002,"713830","en"
"568","Rapture (Tastes So Sweet)","iio",2002,"1809992","en"
"569","I Don't Have To Be Me ('til Monday)","Steve Azar",2002,"841348","en"
"570","Crawling In The Dark","Hoobastank",2002,"1867143","en"
"571","Living And Living Well","George Strait",2002,"191992","en"
"572","Soak Up The Sun","Sheryl Crow",2002,"500017","en"
"573","Awnaw","Nappy Roots",2002,"34717","en"
"574","Take Ya Home","Lil Bow Wow",2002,"27820","en"
"575","That's Just Jessie","Kevin Denney",2002,"1858395","en"
"576","Video","India.Arie",2002,"95985","en"
"577","Any Other Night","Sharissa",2002,"1751812","en"
"578","Never","Amanda Perez",2002,"777324","en"
"579","Feels Good (Don't Worry Bout A Thing)","Naughty By Nature ",2002,"1003821","en"
"580","Take You Home With Me a.k.a. Body","R. Kelly and Jay-Z",2002,"24416","en"
"581","Wish I Didn't Miss You","Angie Stone",2002,"2178007","en"
"582","Some Days You Gotta Dance","Dixie Chicks",2002,"607137","en"
"583","Take Away","Missy ""Misdemeanor"" Elliott ",2002,"33228","en"
"584","Song For The Lonely","Cher",2002,"1133220","en"
"585","It's Goin' Down","X-Ecutioners",2002,"48128","en"
"586","Bouncin' Back (Bumpin' Me Against The Wall)","Mystikal",2002,"247","en"
"587","The World's Greatest","R. Kelly",2002,"120480","en"
"588","No Matta What (Party All Night)","Toya",2002,"724641","en"
"589","Wrong Impression","Natalie Imbruglia",2002,"545220","en"
"590","Hey Luv (Anything)","Mobb Deep ",2002,"33529","en"
"591","Feel The Girl","Ms. Jade",2002,"34232","en"
"592","Chop Suey","System Of A Down",2002,"88430","en"
"593","Give It To Her","Tanto Metro and Devonte",2002,"1204688","en"
"594","Got Ur Self A...","Nas",2002,"2422119","en"
"595","Insatiable","Darren Hayes",2002,"877467","en"
"596","Hush Lil' Lady","Corey ",2002,"373085","en"
"597","Down A** Chick","Ja Rule ",2002,"1798604","en"
"598","Still Fly","Big Tymers",2002,"240","en"
"599","Closet Freak","Cee-Lo",2002,"13142","en"
"600","Hot In Herre","Nelly",2002,"35301","en"
"601","Without Me","Eminem",2002,"811","en"
"602","Hero","Chad Kroeger ",2002,"72959","en"
"603","Oh Boy","Cam'Ron ",2002,"1081","en"
"604","Foolish","Ashanti",2002,"58072","en"
"605","The Middle","Jimmy Eat World",2002,"83226","en"
"606","Complicated","Avril Lavigne",2002,"86251","en"
"607","A Thousand Miles","Vanessa Carlton",2002,"104581","en"
"608","I Need A Girl (Part Two)","P. Diddy and Ginuwine ",2002,"8077651","en"
"609","Addictive","Truth Hurts ",2002,"2592","en"
"610","I'm Gonna Be Alright","Jennifer Lopez ",2002,"305609","en"
"611","Still Fly","Big Tymers",2002,"240","en"
"612","I Need A Girl (Part One)","P. Diddy ",2002,"3299443","en"
"613","Days Go By","Dirty Vegas",2002,"1108262","en"
"614","What's Luv?","Fat Joe ",2002,"19715","en"
"615","halfcrazy","Musiq",2002,"498860","en"
"616","Just A Friend 2002","Mario",2002,"426806","en"
"617","Soak Up The Sun","Sheryl Crow",2002,"500017","en"
"618","Down 4 U","Irv Gotti Presents The Inc. ",2002,"19560","en"
"619","Heaven","DJ Sammy and Yanou ",2002,"2839216","en"
"620","Full Moon","Brandy",2002,"566536","en"
"621","Hella Good","No Doubt",2002,"347368","en"
"622","All You Wanted","Michelle Branch",2002,"369728","en"
"623","Blurry","Puddle Of Mudd",2002,"151040","en"
"624","Wasting My Time","Default",2002,"1270884","en"
"625","U Don't Have To Call","Usher",2002,"282659","en"
"626","Wherever You Will Go","The Calling",2002,"310472","en"
"627","No Such Thing","John Mayer",2002,"124750","en"
"628","I'm Gonna Miss Her (The Fishin' Song)","Brad Paisley",2002,"8176969","en"
"629","Rainy Dayz","Mary J. Blige ",2002,"32725","en"
"630","Nothin'","N.O.R.E.",2002,"35531","en"
"631","The Good Stuff","Kenny Chesney",2002,"195536","en"
"632","Happy","Ashanti",2002,"117023","en"
"633","Don't Let Me Get Me","P!nk",2002,"195071","en"
"634","Courtesy Of The Red, White And Blue (The Angry American)","Toby Keith",2002,"194399","en"
"635","Gots Ta Be","B2K",2002,"75650","en"
"636","Living And Living Well","George Strait",2002,"191992","en"
"637","Call Me","Tweet",2002,"147829","en"
"638","How You Remind Me","Nickelback",2002,"196442","en"
"639","Not A Day Goes By","Lonestar",2002,"1074696","en"
"640","In The End","Linkin Park",2002,"49719","en"
"641","The One","Gary Allan",2002,"612175","en"
"642","Just Like A Pill","P!nk",2002,"91234","en"
"643","Walking Away","Craig David",2002,"110042","en"
"644","Down A** Chick","Ja Rule ",2002,"1798604","en"
"645","Drive (For Daddy Gene)","Alan Jackson",2002,"426562","en"
"646","By The Way","Red Hot Chili Peppers",2002,"110627","en"
"647","More Than A Woman","Aaliyah",2002,"75886","en"
"648","My Heart Is Lost To You","Brooks and Dunn",2002,"648911","en"
"649","A Little Less Conversation","Elvis Presley vs JXL",2002,"409534","en"
"650","One Last Breath","Creed",2002,"397437","en"
"651","Grindin'","Clipse",2002,"2074","en"
"652","Long Time Gone","Dixie Chicks",2002,"576465","en"
"653","Dilemma","Nelly ",2002,"35293","en"
"654","When You Lie Next To Me","Kellie Coffey",2002,"1655204","en"
"655","Underneath Your Clothes","Shakira",2002,"196923","en"
"656","Why Don't We Fall In Love","Amerie",2002,"537377","en"
"657","You Know That I Love You","Donell Jones",2002,"869099","en"
"658","Someone To Love You","Ruff Endz",2002,"1771351","en"
"659","I Miss My Friend","Darryl Worley",2002,"711699","en"
"660","Gangsta Lovin'","Eve ",2002,"19338","en"
"661","Pass The Courvoisier Part II","Busta Rhymes ",2002,"9048","en"
"662","Drift & Die","Puddle Of Mudd",2002,"947895","en"
"663","My Neck, My Back","Khia ",2002,"155","en"
"664","I Don't Have To Be Me ('til Monday)","Steve Azar",2002,"841348","en"
"665","Unbroken","Tim McGraw",2002,"190601","en"
"666","Move B***h","Ludacris ",2002,"385317","en"
"667","Tonight I Wanna Be Your Man","Andy Griggs",2002,"808720","en"
"668","Don't Say Goodbye","Paulina Rubio",2002,"588972","en"
"669","Here Is Gone","Goo Goo Dolls",2002,"431017","en"
"670","Makin' Good Love","Avant",2002,"831210","en"
"671","Running Away","Hoobastank",2002,"943314","en"
"672","Ten Rounds With Jose Cuervo","Tracy Byrd",2002,"761018","en"
"673","Papa Don't Preach","Kelly Osbourne",2002,"4961628","en"
"674","Where Are You Going","Dave Matthews Band",2002,"200428","en"
"675","Two Wrongs","Wyclef Jean ",2002,"47999","en"
"676","Too Bad","Nickelback",2002,"196445","en"
"677","The Impossible","Joe Nichols",2002,"1359944","en"
"678","What If A Woman","Joe",2002,"2155321","en"
"679","A New Day Has Come","Celine Dion",2002,"315266","en"
"680","Say I Yi Yi","Ying Yang Twins",2002,"48311","en"
"681","Love At First Sight","Kylie Minogue",2002,"424807","en"
"682","I Should Be Sleeping","Emerson Drive",2002,"713830","en"
"683","If I Could Go!","Angie Martinez ",2002,"8120","en"
"684","For You","Staind",2002,"1051126","en"
"685","Here To Stay","Korn",2002,"69353","en"
"686","Give It To Her","Tanto Metro and Devonte",2002,"1204688","en"
"687","I've Got You","Marc Anthony",2002,"206785","en"
"688","Gimme The Light","Sean Paul",2002,"184021","en"
"689","Toxicity","System Of A Down",2002,"80268","en"
"690","Way Of Life","Lil Wayne",2002,"28594","en"
"691","Black Suits Comin' (Nod Ya Head)","Will Smith ",2002,"20378","en"
"692","In Da Wind","Trick Daddy ",2002,"3588","en"
"693","Awnaw","Nappy Roots",2002,"34717","en"
"694","Wish I Didn't Miss You","Angie Stone",2002,"2178007","en"
"695","Feels Good (Don't Worry Bout A Thing)","Naughty By Nature ",2002,"1003821","en"
"696","One Mic","Nas",2002,"490","en"
"697","I Don't Want You To Go","Carolyn Dawn Johnson",2002,"1233090","en"
"698","A Moment Like This","Kelly Clarkson",2002,"198436","en"
"699","Dilemma","Nelly ",2002,"35293","en"
"700","Gangsta Lovin'","Eve ",2002,"19338","en"
"701","Complicated","Avril Lavigne",2002,"86251","en"
"702","Hey Ma","Cam'Ron ",2002,"849","en"
"703","One Last Breath","Creed",2002,"397437","en"
"704","Cleanin' Out My Closet","Eminem",2002,"873","en"
"705","Work It","Missy ""Misdemeanor"" Elliott",2002,"4176","en"
"706","I Need A Girl (Part Two)","P. Diddy and Ginuwine ",2002,"8077651","en"
"707","Move B***h","Ludacris ",2002,"385317","en"
"708","Like I Love You","Justin Timberlake",2002,"32546","en"
"709","Underneath It All","No Doubt ",2002,"347376","en"
"710","Gotta Get Thru This","Daniel Bedingfield",2002,"1403431","en"
"711","Luv U Better","LL Cool J",2002,"28964","en"
"712","Sk8er Boi","Avril Lavigne",2002,"163793","en"
"713","If I Could Go!","Angie Martinez ",2002,"8120","en"
"714","Happy","Ashanti",2002,"117023","en"
"715","Lose Yourself","Eminem",2002,"207","en"
"716","I Care 4 U","Aaliyah",2002,"208737","en"
"717","Trade It All","Fabolous ",2002,"1719","en"
"718","Nothin'","N.O.R.E.",2002,"35531","en"
"719","Just Like A Pill","P!nk",2002,"91234","en"
"720","Hot In Herre","Nelly",2002,"35301","en"
"721","Baby","Ashanti",2002,"820313","en"
"722","A Thousand Miles","Vanessa Carlton",2002,"104581","en"
"723","Somebody Like You","Keith Urban",2002,"81782","en"
"724","Goodbye To You","Michelle Branch",2002,"857297","en"
"725","Beautiful Mess","Diamond Rio",2002,"2140123","en"
"726","Good Times","Styles",2002,"1530","en"
"727","No Such Thing","John Mayer",2002,"124750","en"
"728","Heaven","DJ Sammy and Yanou ",2002,"2839216","en"
"729","Po' Folks","Nappy Roots ",2002,"34734","en"
"730","Cry","Faith Hill",2002,"431609","en"
"731","Gimme The Light","Sean Paul",2002,"184021","en"
"732","The Game Of Love","Santana ",2002,"218883","en"
"733","Stingy","Ginuwine",2002,"85051","en"
"734","Ordinary Day","Vanessa Carlton",2002,"285951","en"
"735","dontchange","Musiq",2002,"320767","en"
"736","The Impossible","Joe Nichols",2002,"1359944","en"
"737","The Middle","Jimmy Eat World",2002,"83226","en"
"738","Soak Up The Sun","Sheryl Crow",2002,"500017","en"
"739","Just A Friend 2002","Mario",2002,"426806","en"
"740","Ten Rounds With Jose Cuervo","Tracy Byrd",2002,"761018","en"
"741","Somewhere Out There","Our Lady Peace",2002,"1271833","en"
"742","Hero","Chad Kroeger ",2002,"72959","en"
"743","Down 4 U","Irv Gotti Presents The Inc. ",2002,"19560","en"
"744","Where Would You Be","Martina McBride",2002,"1416552","en"
"745","Dirrty","Christina Aguilera ",2002,"32197","en"
"746","Where Are You Going","Dave Matthews Band",2002,"200428","en"
"747","When The Last Time","Clipse",2002,"2114","en"
"748","The Good Stuff","Kenny Chesney",2002,"195536","en"
"749","Running Away","Hoobastank",2002,"943314","en"
"750","American Child","Phil Vassar",2002,"1500827","en"
"751","Work In Progress","Alan Jackson",2002,"426577","en"
"752","Oh Yeah!","Big Tymers ",2002,"10107","en"
"753","Aerials","System Of A Down",2002,"94438","en"
"754","My Town","Montgomery Gentry",2002,"1599743","en"
"755","Landslide","Dixie Chicks",2002,"610393","en"
"756","By The Way","Red Hot Chili Peppers",2002,"110627","en"
"757","Don't Mess With My Man","Nivea ",2002,"1286666","en"
"758","I Miss My Friend","Darryl Worley",2002,"711699","en"
"759","Stole","Kelly Rowland",2002,"83628","en"
"760","These Days","Rascal Flatts",2002,"223973","en"
"761","Who's Your Daddy?","Toby Keith",2002,"194400","en"
"762","She'll Leave You With A Smile","George Strait",2002,"191655","en"
"763","Two Wrongs","Wyclef Jean ",2002,"47999","en"
"764","Jenny From The Block","Jennifer Lopez ",2002,"773391","en"
"765","Objection (Tango)","Shakira",2002,"196954","en"
"766","Prayer","Disturbed",2002,"260597","en"
"767","Red Rag Top","Tim McGraw",2002,"190620","en"
"768","She Hates Me","Puddle Of Mudd",2002,"624128","en"
"769","Don't Know Why","Norah Jones",2002,"189593","en"
"770","I Do (Wanna Get Close To You)","3LW ",2002,"32423","en"
"771","I Am Mine","Pearl Jam",2002,"300936","en"
"772","Braid My Hair","Mario",2002,"661428","en"
"773","The Ketchup Song (Hey Hah)","Las Ketchup",2002,"3038244","en"
"774","I Keep Looking","Sara Evans",2002,"715946","en"
"775","Courtesy Of The Red, White And Blue (The Angry American)","Toby Keith",2002,"194399","en"
"776","Unbroken","Tim McGraw",2002,"190601","en"
"777","Burnin' Up","Faith Evans ",2002,"32113","en"
"778","Flake","Jack Johnson",2002,"334257","en"
"779","Love Of My Life (An Ode To Hip Hop)","Erykah Badu ",2002,"32531","en"
"780","Sweetness","Jimmy Eat World",2002,"98467","en"
"781","In Da Wind","Trick Daddy ",2002,"3588","en"
"782","Electrical Storm","U2",2002,"138877","en"
"783","Long Time Gone","Dixie Chicks",2002,"576465","en"
"784","Big Machine","Goo Goo Dolls",2002,"430943","en"
"785","I'd Rather","Luther Vandross",2002,"152270","en"
"786","Feel It Boy","Beenie Man ",2002,"33057","en"
"787","My Friends Over You","New Found Glory",2002,"205233","en"
"788","Little Things","India.Arie",2002,"1291996","en"
"789","Love At First Sight","Kylie Minogue",2002,"424807","en"
"790","The Streets","WC ",2002,"47570","en"
"791","Steve McQueen","Sheryl Crow",2002,"687471","en"
"792","Why Don't We Fall In Love","Amerie",2002,"537377","en"
"793","She Was","Mark Chesnutt",2002,"1487900","en"
"794","Are We Cuttin'","Pastor Troy ",2002,"36510","en"
"795","When You Lie Next To Me","Kellie Coffey",2002,"1655204","en"
"796","Rock The Party","Benzino",2002,"9579","en"
"797","The Rising","Bruce Springsteen",2002,"118928","en"
"798","All I Want For Christmas Is You","Mariah Carey",2022,"204233","en"
"799","Easy On Me","Adele",2022,"7260084","en"
"800","Rockin' Around The Christmas Tree","Brenda Lee",2022,"104606","en"
"801","Jingle Bell Rock","Bobby Helms",2022,"623112","en"
"802","A Holly Jolly Christmas","Burl Ives",2022,"1565104","en"
"803","Stay","The Kid LAROI and Justin Bieber",2022,"7457331","en"
"804","Heat Waves","Glass Animals",2022,"5318313","en"
"805","It's The Most Wonderful Time Of The Year","Andy Williams",2022,"2255377","en"
"806","Shivers","Ed Sheeran",2022,"7120797","en"
"807","Last Christmas","Wham!",2022,"1439197","en"
"808","It's Beginning To Look A Lot Like Christmas","Perry Como And The Fontane Sisters With Mitchell Ayres And His Orchestra",2022,"2121786","en"
"809","Need To Know","Doja Cat",2022,"6732114","en"
"810","Sleigh Ride","The Ronettes",2022,"1264413","en"
"811","Super Gremlin","Kodak Black",2022,"7341862","en"
"812","abcdefu","GAYLE",2022,"7076040","en"
"813","The Christmas Song (Merry Christmas To You)","Nat King Cole",2022,"1717793","en"
"814","Bad Habits","Ed Sheeran",2022,"6820606","en"
"815","Cold Heart (PNAU Remix)","Elton John and Dua Lipa",2022,"7096046","en"
"816","Underneath The Tree","Kelly Clarkson",2022,"355221","en"
"817","Christmas (Baby Please Come Home)","Darlene Love",2022,"204235","en"
"818","Santa Tell Me","Ariana Grande",2022,"590331","en"
"819","Rudolph The Red-Nosed Reindeer","Gene Autry",2022,"512798","en"
"820","White Christmas","Bing Crosby",2022,"871835","en"
"821","Run Rudolph Run","Chuck Berry",2022,"260497","en"
"822","Happy Holiday / The Holiday Season","Andy Williams",2022,"1939244","en"
"823","Smokin Out The Window","Silk Sonic (Bruno Mars and Anderson .Paak)",2022,"7492708","en"
"824","Broadway Girls","Lil Durk ",2022,"7254908","en"
"825","Good 4 U","Olivia Rodrigo",2022,"6702232","en"
"826","Ghost","Justin Bieber",2022,"6576448","en"
"827","Fancy Like","Walker Hayes",2022,"6784918","en"
"828","Let It Snow, Let It Snow, Let It Snow","Dean Martin",2022,"1422051","en"
"829","Thats What I Want","Lil Nas X",2022,"7105950","en"
"830","Essence","Wizkid ",2022,"6049882","en"
"831","Jingle Bells","Frank Sinatra",2022,"1034246","en"
"832","Kiss Me More","Doja Cat ",2022,"6556752","en"
"833","Oh My God","Adele",2022,"7347255","en"
"834","Christmastime Is Here","Vince Guaraldi Trio",2022,"1203441","en"
"835","Happier Than Ever","Billie Eilish",2022,"6533253","en"
"836","Thinking 'Bout You","Dustin Lynch ",2022,"5077629","en"
"837","Better Days","NEIKED and Mae Muller and Polo G",2022,"7356652","en"
"838","It's Beginning To Look A Lot Like Christmas","Michael Buble",2022,"512407","en"
"839","Love Nwantiti (Ah Ah Ah)","CKay",2022,"5678479","en"
"840","I Hate U","SZA",2022,"7130144","en"
"841","We Don't Talk About Bruno","Carolina Gaitan and Mauro Castillo and Adassa and Rhenzy Feliz and Diane Guerrero and Stephanie Beatriz and Encanto Cast",2022,"7406121","en"
"842","Buy Dirt","Jordan Davis ",2022,"6774548","en"
"843","Knife Talk","Drake ",2022,"7165580","en"
"844","Way 2 Sexy","Drake ",2022,"7139486","en"
"845","Surface Pressure","Jessica Darrow",2022,"7406120","en"
"846","You Should Probably Leave","Chris Stapleton",2022,"3096724","en"
"847","Meet Me At Our Spot","THE ANXIETY: WILLOW and Tyler Cole",2022,"5300970","en"
"848","Whiskey And Rain","Michael Ray",2022,"5996637","en"
"849","Sand In My Boots","Morgan Wallen",2022,"6160128","en"
"850","Girls Want Girls","Drake ",2022,"7165581","en"
"851","One Mississippi","Kane Brown",2022,"7104064","en"
"852","Who Want Smoke??","Nardo Wick ",2022,"6456401","en"
"853","Big Energy","Latto",2022,"7194975","en"
"854","Chosen","Blxst and Tyga ",2022,"6481322","en"
"855","Pick Out A Christmas Tree","Dan + Shay",2022,"7353004","en"
"856","All Too Well (Taylor's Version)","Taylor Swift",2022,"6688199","en"
"857","Merry Christmas","Ed Sheeran and Elton John",2022,"7498372","en"
"858","Have Mercy","Chloe",2022,"6966100","en"
"859","Christmas Tree Farm (Old Timey Version)","Taylor Swift",2022,"7416216","en"
"860","'Til You Can't","Cody Johnson",2022,"6900142","en"
"861","Woman","Doja Cat",2022,"6897815","en"
"862","My Universe","Coldplay and BTS",2022,"7196020","en"
"863","Freedom Was A Highway","Jimmie Allen and Brad Paisley",2022,"5747865","en"
"864","I'll Be Home For Christmas","Camila Cabello",2022,"7353019","en"
"865","For Tonight","Giveon",2022,"7216927","en"
"866","By Your Side","Rod Wave",2022,"7392240","en"
"867","To Be Loved By You","Parker McCollum",2022,"6330816","en"
"868","Heart On Fire","Eric Church",2022,"6422974","en"
"869","Message In A Bottle (Taylor's Version) (From The Vault)","Taylor Swift",2022,"7078185","en"
"870","Scorpio","Moneybagg Yo",2022,"7304238","en"
"871","Burn","Juice WRLD",2022,"5214724","en"
"872","Hrs And Hrs","Muni Long",2022,"7546953","en"
"873","Life Goes On","Oliver Tree",2022,"4147348","en"
"874","Tequila Little Time","Jon Pardi",2022,"4591930","en"
"875","Same Boat","Zac Brown Band",2022,"6898249","en"
"876","Do It To It","Acraze ",2022,"7339452","en"
"877","Doin' This","Luke Combs",2022,"7378073","en"
"878","Half Of My Hometown","Kelsea Ballerini ",2022,"5302365","en"
"879","Poke It Out","Wale ",2022,"7246530","en"
"880","Bubbly","Young Thug With Drake and Travis Scott",2022,"7428619","en"
"881","I Am Woman","Emmy Meli",2022,"7406393","en"
"882","Christmas Isn't Canceled (Just You)","Kelly Clarkson",2022,"7201785","en"
"883","Pressure","Ari Lennox",2022,"7178879","en"
"884","Beers On Me","Dierks Bentley and BRELAND and HARDY",2022,"7048770","en"
"885","Already Dead","Juice WRLD",2022,"5206726","en"
"886","No Love","Summer Walker and SZA",2022,"7650770","en"
"887","23","Sam Hunt",2022,"5783783","en"
"888","Family Ties","Baby Keem and Kendrick Lamar",2022,"7559954","en"
"889","Heat Waves","Glass Animals",2022,"5318313","en"
"890","Stay","The Kid LAROI and Justin Bieber",2022,"7457331","en"
"891","Big Energy","Latto",2022,"7194975","en"
"892","Super Gremlin","Kodak Black",2022,"7341862","en"
"893","Ghost","Justin Bieber",2022,"6576448","en"
"894","abcdefu","GAYLE",2022,"7076040","en"
"895","We Don't Talk About Bruno","Carolina Gaitan and Mauro Castillo and Adassa and Rhenzy Feliz and Diane Guerrero and Stephanie Beatriz and Encanto Cast",2022,"7406121","en"
"896","Thats What I Want","Lil Nas X",2022,"7105950","en"
"897","Woman","Doja Cat",2022,"6897815","en"
"898","Bad Habits","Ed Sheeran",2022,"6820606","en"
"899","Easy On Me","Adele",2022,"7260084","en"
"900","Shivers","Ed Sheeran",2022,"7120797","en"
"901","Cold Heart (PNAU Remix)","Elton John and Dua Lipa",2022,"7096046","en"
"902","Levitating","Dua Lipa",2022,"5215007","en"
"903","Need To Know","Doja Cat",2022,"6732114","en"
"904","Save Your Tears","The Weeknd and Ariana Grande",2022,"7130381","en"
"905","'Til You Can't","Cody Johnson",2022,"6900142","en"
"906","Pushin P","Gunna and Future ",2022,"7731032","en"
"907","I Hate U","SZA",2022,"7130144","en"
"908","Hrs And Hrs","Muni Long",2022,"7546953","en"
"909","What Happened To Virgil","Lil Durk ",2022,"7659291","en"
"910","Good 4 U","Olivia Rodrigo",2022,"6702232","en"
"911","Doin' This","Luke Combs",2022,"7378073","en"
"912","No Love","Summer Walker and SZA",2022,"7650770","en"
"913","Light Switch","Charlie Puth",2022,"7210002","en"
"914","Fingers Crossed","Lauren Spencer-Smith",2022,"7439431","en"
"915","Sweetest Pie","Megan Thee Stallion and Dua Lipa",2022,"7507324","en"
"916","Bam Bam","Camila Cabello ",2022,"7727481","en"
"917","Buy Dirt","Jordan Davis ",2022,"6774548","en"
"918","Never Say Never","Cole Swindell / Lainey Wilson",2022,"7402064","en"
"919","Fancy Like","Walker Hayes",2022,"6784918","en"
"920","AA","Walker Hayes",2022,"7403551","en"
"921","Surface Pressure","Jessica Darrow",2022,"7406120","en"
"922","Sand In My Boots","Morgan Wallen",2022,"6160128","en"
"923","Drunk (And I Don't Wanna Go Home)","Elle King and Miranda Lambert",2022,"6521878","en"
"924","Beers On Me","Dierks Bentley and BRELAND and HARDY",2022,"7048770","en"
"925","She's All I Wanna Be","Tate McRae",2022,"6820454","en"
"926","Love Nwantiti (Ah Ah Ah)","CKay",2022,"5678479","en"
"927","Numb Little Bug","Em Beihold",2022,"7174580","en"
"928","Boyfriend","Dove Cameron",2022,"7504987","en"
"929","Wasted On You","Morgan Wallen",2022,"5635390","en"
"930","23","Sam Hunt",2022,"5783783","en"
"931","Ahhh Ha","Lil Durk",2022,"7658565","en"
"932","Circles Around This Town","Maren Morris",2022,"7554562","en"
"933","Peru","Fireboy DML and Ed Sheeran",2022,"8451026","en"
"934","To The Moon!","JNR CHOI and Sam Tompkins",2022,"7504918","en"
"935","Slow Down Summer","Thomas Rhett",2022,"7354715","en"
"936","Thinking With My Dick","Kevin Gates ",2022,"190805","en"
"937","Broadway Girls","Lil Durk ",2022,"7254908","en"
"938","We Go Up","Nicki Minaj and Fivio Foreign",2022,"7816225","en"
"939","Make Up Sex","Machine Gun Kelly and blackbear",2022,"7797053","en"
"940","The Family Madrigal","Stephanie Beatriz and Olga Merediz and Encanto Cast",2022,"7371675","en"
"941","Heart On Fire","Eric Church",2022,"6422974","en"
"942","To Be Loved By You","Parker McCollum",2022,"6330816","en"
"943","Handsomer","Russ ",2022,"7648969","en"
"944","If I Was A Cowboy","Miranda Lambert",2022,"7287751","en"
"945","Me Or Sum","Nardo Wick and Lil Baby and Future",2022,"7600345","en"
"946","Never Wanted To Be That Girl","Carly Pearce and Ashley McBryde",2022,"7071819","en"
"947","Maybe","Machine Gun Kelly and Bring Me The Horizon",2022,"7741955","en"
"948","Do We Have A Problem?","Nicki Minaj and Lil Baby",2022,"7622586","en"
"949","Nail Tech","Jack Harlow",2022,"7707254","en"
"950","Flower Shops","ERNEST ",2022,"7092881","en"
"951","Rumors","Gucci Mane ",2022,"7630490","en"
"952","What Else Can I Do?","Diane Guerrero and Stephanie Beatriz",2022,"7406122","en"
"953","Over","Lucky Daye",2022,"7051450","en"
"954","Tom's Diner","AnnenMayKantereit and Giant Rooks",2022,"4662115","en"
"955","P Power","Gunna ",2022,"7231233","en"
"956","Chaotic","Tate McRae",2022,"7705468","en"
"957","Give Heaven Some Hell","HARDY",2022,"5798344","en"
"958","Banking On Me","Gunna",2022,"7531039","en"
"959","Petty Too","Lil Durk ",2022,"7781366","en"
"960","Emo Girl","Machine Gun Kelly and WILLOW",2022,"7762152","en"
"961","High","The Chainsmokers",2022,"7563883","en"
"962","Pressure","Ari Lennox",2022,"7178879","en"
"963","Blick Blick!","Coi Leray and Nicki Minaj",2022,"7507324","en"
"964","Ay!","Machine Gun Kelly and Lil Wayne",2022,"7303146","en"
"965","I Love You So","The Walters",2022,"2437107","en"
"966","Half Of My Hometown","Kelsea Ballerini ",2022,"5302365","en"
"967","Bones","Imagine Dragons",2022,"7781796","en"
"968","By Your Side","Rod Wave",2022,"7392240","en"
"969","Trouble With A Heartbreak","Jason Aldean",2022,"7238462","en"
"970","No Interviews","Lil Durk",2022,"7782087","en"
"971","Closer","Saweetie ",2022,"7635895","en"
"972","Come Back As A Country Boy","Blake Shelton",2022,"7246757","en"
"973","She Likes It","Russell Dickerson and Jake Scott",2022,"7356135","en"
"974","Money So Big","Yeat",2022,"7154576","en"
"975","As It Was","Harry Styles",2022,"7844309","en"
"976","First Class","Jack Harlow",2022,"7857574","en"
"977","About Damn Time","Lizzo",2022,"7823996","en"
"978","Wait For U","Future ",2022,"7945037","en"
"979","Jimmy Cooks","Drake ",2022,"8110900","en"
"980","Running Up That Hill (A Deal With God)","Kate Bush",2022,"344944","en"
"981","Break My Soul","Beyonce",2022,"8122123","en"
"982","Heat Waves","Glass Animals",2022,"5318313","en"
"983","Glimpse Of Us","Joji",2022,"8078287","en"
"984","Big Energy","Latto",2022,"7194975","en"
"985","The Kind Of Love We Make","Luke Combs",2022,"7256253","en"
"986","Wasted On You","Morgan Wallen",2022,"5635390","en"
"987","Stay","The Kid LAROI and Justin Bieber",2022,"7457331","en"
"988","I Like You (A Happier Song)","Post Malone ",2022,"7933156","en"
"989","Sticky","Drake",2022,"8110888","en"
"990","Late Night Talking","Harry Styles",2022,"7910627","en"
"991","Numb Little Bug","Em Beihold",2022,"7174580","en"
"992","Boyfriend","Dove Cameron",2022,"7504987","en"
"993","Ghost","Justin Bieber",2022,"6576448","en"
"994","Left And Right","Charlie Puth ",2022,"7317908","en"
"995","Get Into It (Yuh)","Doja Cat",2022,"6897817","en"
"996","Sunroof","Nicky Youre and dazy",2022,"8290188","en"
"997","Bad Habits","Ed Sheeran",2022,"6820606","en"
"998","Cold Heart (PNAU Remix)","Elton John and Dua Lipa",2022,"7096046","en"
"999","Woman","Doja Cat",2022,"6897815","en"
"1000","Shivers","Ed Sheeran",2022,"7120797","en"
"1001","Like I Love Country Music","Kane Brown",2022,"7949932","en"
"1002","Super Gremlin","Kodak Black",2022,"7341862","en"
"1003","Vegas","Doja Cat",2022,"7909890","en"
"1004","Take My Name","Parmalee",2022,"6992225","en"
"1005","You Proof","Morgan Wallen",2022,"7041374","en"
"1006","Thats What I Want","Lil Nas X",2022,"7105950","en"
"1007","She Had Me At Heads Carolina","Cole Swindell",2022,"7666795","en"
"1008","Something In The Orange","Zach Bryan",2022,"7742475","en"
"1009","Sweetest Pie","Megan Thee Stallion and Dua Lipa",2022,"7507324","en"
"1010","Damn Strait","Scotty McCreery",2022,"7038804","en"
"1011","Trouble With A Heartbreak","Jason Aldean",2022,"7238462","en"
"1012","Massive","Drake",2022,"8110892","en"
"1013","Thousand Miles","The Kid LAROI",2022,"6435789","en"
"1014","Fall In Love","Bailey Zimmerman",2022,"7692581","en"
"1015","Bam Bam","Camila Cabello ",2022,"7727481","en"
"1016","2step","Ed Sheeran ",2022,"7120781","en"
"1017","In A Minute","Lil Baby",2022,"7843813","en"
"1018","Hold My Hand","Lady Gaga",2022,"7689005","en"
"1019","Puffin On Zootiez","Future",2022,"7418183","en"
"1020","Cooped Up","Post Malone ",2022,"7933125","en"
"1021","Sleazy Flow","SleazyWorld Go ",2022,"7782226","en"
"1022","What Happened To Virgil","Lil Durk ",2022,"7659291","en"
"1023","When You're Gone","Shawn Mendes",2022,"7800414","en"
"1024","Carolina","Taylor Swift",2022,"7823793","en"
"1025","Rock And A Hard Place","Bailey Zimmerman",2022,"8089267","en"
"1026","I Ain't Worried","OneRepublic",2022,"7967836","en"
"1027","5 Foot 9","Tyler Hubbard",2022,"8008255","en"
"1028","Falling Back","Drake",2022,"8110883","en"
"1029","Silent Hill","Kendrick Lamar and Kodak Black",2022,"8115694","en"
"1030","Tomorrow Me","Luke Combs",2022,"5563513","en"
"1031","Late To Da Party (F*CK BET)","Lil Nas X and Youngboy Never Broke Again",2022,"8194466","en"
"1032","To The Moon!","JNR CHOI and Sam Tompkins",2022,"7504918","en"
"1033","Flower Shops","ERNEST ",2022,"7092881","en"
"1034","Ghost Story","Carrie Underwood",2022,"7801445","en"
"1035","From The D 2 The LBC","Eminem and Snoop Dogg",2022,"7391945","en"
"1036","Hotel Lobby (Unc And Phew)","Quavo and Takeoff",2022,"8687863","en"
"1037","Last Night Lonely","Jon Pardi",2022,"7682515","en"
"1038","Call Me Everyday","Chris Brown ",2022,"8078949","en"
"1039","7500 OBO","Tim McGraw",2022,"5752029","en"
"1040","Psychic","Chris Brown ",2022,"8047423","en"
"1041","WE (Warm Embrace)","Chris Brown",2022,"6739137","en"
"1042","Thought You Should Know","Morgan Wallen",2022,"6839669","en"
"1043","Cash In Cash Out","Pharrell Williams ",2022,"8036634","en"
"1044","U-Digg","Lil Baby and 42 Dugg and Veeze",2022,"8112887","en"
"1045","Circles Around This Town","Maren Morris",2022,"7554562","en"
"1046","Love Me More","Sam Smith",2022,"7864555","en"
"1047","So Good","Halsey",2022,"8028290","en"
"1048","New Truck","Dylan Scott",2022,"7010982","en"
"1049","F.N.F. (Let's Go)","Hitkidd and GloRilla",2022,"8216392","en"
"1050","Wild As Her","Corey Kent",2022,"7764096","en"
"1051","Right On","Lil Baby",2022,"7446821","en"
"1052","Burglars & Murderers","Lil Durk ",2022,"7789943","en"
"1053","Addicted","Chris Brown ",2022,"8054227","en"
"1054","She Likes It","Russell Dickerson and Jake Scott",2022,"7356135","en"
"1055","Texts Go Green","Drake",2022,"8110884","en"
"1056","Did Shit To Me","Lil Durk ",2022,"8118188","en"
"1057","Music For A Sushi Restaurant","Harry Styles",2022,"8017369","en"
"1058","Possessive","Chris Brown ",2022,"8078947","en"
"1059","Die Young","Sleepy Hallow ",2022,"8021111","en"
"1060","Plan B","Megan Thee Stallion",2022,"7913677","en"
"1061","Bad Habit","Steve Lacy",2022,"8145689","en"
"1062","As It Was","Harry Styles",2022,"7844309","en"
"1063","Unholy","Sam Smith and Kim Petras",2022,"8428938","en"
"1064","I Like You (A Happier Song)","Post Malone ",2022,"7933156","en"
"1065","Sunroof","Nicky Youre and dazy",2022,"8290188","en"
"1066","Super Freaky Girl","Nicki Minaj",2022,"8195634","en"
"1067","I Ain't Worried","OneRepublic",2022,"7967836","en"
"1068","You Proof","Morgan Wallen",2022,"7041374","en"
"1069","Tomorrow 2","GloRilla and Cardi B",2022,"8407657","en"
"1070","About Damn Time","Lizzo",2022,"7823996","en"
"1071","The Kind Of Love We Make","Luke Combs",2022,"7256253","en"
"1072","Wait For U","Future ",2022,"7945037","en"
"1073","Late Night Talking","Harry Styles",2022,"7910627","en"
"1074","Vegas","Doja Cat",2022,"7909890","en"
"1075","Wasted On You","Morgan Wallen",2022,"5635390","en"
"1076","She Had Me At Heads Carolina","Cole Swindell",2022,"7666795","en"
"1077","Heat Waves","Glass Animals",2022,"5318313","en"
"1078","Jimmy Cooks","Drake ",2022,"8110900","en"
"1079","I'm Good (Blue)","David Guetta and Bebe Rexha",2022,"8674427","en"
"1080","5 Foot 9","Tyler Hubbard",2022,"8008255","en"
"1081","Something In The Orange","Zach Bryan",2022,"7742475","en"
"1082","First Class","Jack Harlow",2022,"7857574","en"
"1083","Under The Influence","Chris Brown",2022,"4906284","en"
"1084","Running Up That Hill (A Deal With God)","Kate Bush",2022,"344944","en"
"1085","Hold Me Closer","Elton John and Britney Spears",2022,"8523551","en"
"1086","Glimpse Of Us","Joji",2022,"8078287","en"
"1087","Rock And A Hard Place","Bailey Zimmerman",2022,"8089267","en"
"1088","Fall In Love","Bailey Zimmerman",2022,"7692581","en"
"1089","Son Of A Sinner","Jelly Roll",2022,"7195408","en"
"1090","Star Walkin' (League Of Legends Worlds Anthem)","Lil Nas X",2022,"7970911","en"
"1091","Unstoppable","Sia",2022,"2404936","en"
"1092","Betty (Get Money)","Yung Gravy",2022,"7507411","en"
"1093","Romantic Homicide","d4vd",2022,"8214933","en"
"1094","Big Energy","Latto",2022,"7194975","en"
"1095","Thank God","Kane Brown With Katelyn Brown",2022,"8631841","en"
"1096","Break My Soul","Beyonce",2022,"8122123","en"
"1097","In A Minute","Lil Baby",2022,"7843813","en"
"1098","Die For You","The Weeknd",2022,"2911557","en"
"1099","Staying Alive","DJ Khaled ",2022,"8245178","en"
"1100","Left And Right","Charlie Puth ",2022,"7317908","en"
"1101","F.N.F. (Let's Go)","Hitkidd and GloRilla",2022,"8216392","en"
"1102","Whiskey On You","Nate Smith",2022,"7973163","en"
"1103","What My World Spins Around","Jordan Davis",2022,"8040853","en"
"1104","Last Last","Burna Boy",2022,"7989684","en"
"1105","Free Mind","Tems",2022,"5991686","en"
"1106","Bones","Imagine Dragons",2022,"7781796","en"
"1107","Victoria's Secret","Jax",2022,"8151112","en"
"1108","Evergreen","Omar Apollo",2022,"7829854","en"
"1109","Cuff It","Beyonce",2022,"8219830","en"
"1110","Wishful Drinking","Ingrid Andress With Sam Hunt",2022,"7079949","en"
"1111","Last Night Lonely","Jon Pardi",2022,"7682515","en"
"1112","Until I Found You","Stephen Sanchez",2022,"7951332","en"
"1113","2 Be Loved (Am I Ready)","Lizzo",2022,"8029110","en"
"1114","Don't Come Lookin'","Jackson Dean",2022,"6898143","en"
"1115","Golden Hour","JVKE",2022,"8192862","en"
"1116","Sleazy Flow","SleazyWorld Go ",2022,"7782226","en"
"1117","Billie Eilish.","Armani White",2022,"7755842","en"
"1118","Freestyle","Lil Baby",2022,"3323308","en"
"1119","Half Of Me","Thomas Rhett ",2022,"7590228","en"
"1120","Ghost Story","Carrie Underwood",2022,"7801445","en"
"1121","All Mine","Brent Faiyaz",2022,"8114229","en"
"1122","Put It On Me","YoungBoy Never Broke Again",2022,"8360730","en"
"1123","Truth About You","Mitchell Tenpenny",2022,"7055201","en"
"1124","Music For A Sushi Restaurant","Harry Styles",2022,"8017369","en"
"1125","Dah Dah DahDah","Nardo Wick",2022,"8113427","en"
"1126","She Likes It","Russell Dickerson and Jake Scott",2022,"7356135","en"
"1127","So Good","Halsey",2022,"8028290","en"
"1128","Static","Steve Lacy",2022,"8149517","en"
"1129","Dark Red","Steve Lacy",2022,"2996381","en"
"1130","Calm Down","Rema and Selena Gomez",2022,"8329630","en"
"1131","Pick Me Up","Gabby Barrett",2022,"7356892","en"
"1132","Wait In The Truck","HARDY ",2022,"8328601","en"
"1133","Country On","Luke Bryan",2022,"8153442","en"
"1134","Wild As Her","Corey Kent",2022,"7764096","en"
"1135","Soul","Lee Brice",2022,"5968690","en"
"1136","Pink Venom","BLACKPINK",2022,"8274559","en"
"1137","Good Love","City Girls and Usher",2022,"8160287","en"
"1138","With A Woman You Love","Justin Moore",2022,"7249393","en"
"1139","Snap","Rosa Linn",2022,"7790188","en"
"1140","Like I Love Country Music","Kane Brown",2022,"7949932","en"
"1141","Mary On A Cross","Ghost",2022,"4864844","en"
"1142","Talk","Yeat",2022,"8106473","en"
"1143","Detox","Lil Baby",2022,"8300663","en"
"1144","Out In The Middle","Zac Brown Band",2022,"6987960","en"
"1145","Blow","Moneybagg Yo",2022,"8401470","en"
"1146","World's Smallest Violin","AJR",2022,"6454387","en"
"1147","Oklahoma Smoke Show","Zach Bryan",2022,"8180938","en"
"1148","Down Home","Jimmie Allen",2022,"7776422","en"
